source_parser,parser,run,mrd,checkpoint,n_t,n_frontier,gotu_est,rho,blocks_seen,log_err_shallow,zc_rate_shallow,n_blocks_shallow,log_err_medium,zc_rate_medium,n_blocks_medium,log_err_deep,zc_rate_deep,n_blocks_deep
parsera_b,parsera,parsera_run_1,35.82,0.1,9419365,197,0.0,0.8862845063417061,1829,5.772539784956216,1.0,74,5.763196547847277,0.76760649334798,8193,5.286790714054257,0.1130014326647564,5584
parsera_b,parsera,parsera_run_1,35.82,0.25,23548413,197,0.0,0.8780775926386472,1961,6.1310312429507094,1.0,65,6.034354959297603,0.7640644361833953,8070,5.420320609543425,0.1130014326647564,5584
parsera_b,parsera,parsera_run_1,35.82,0.5,47096827,197,0.0,0.8640263616015916,2187,6.414847691560844,1.0,56,6.177896326938009,0.757544887304215,7853,5.537899473001493,0.1130014326647564,5584
parsera_b,parsera,parsera_run_1,35.82,0.75,70645240,197,0.0,0.859674210395424,2257,6.591168306951952,1.0,53,6.295977000483747,0.7554585152838428,7786,5.6271353862255085,0.1130014326647564,5584
parsera_b,parsera,parsera_run_1,35.82,1.0,94193654,197,0.0,0.8525864212882368,2371,6.712951616454036,1.0,53,6.350946990870599,0.7518248175182481,7672,5.684280416878842,0.1130014326647564,5584
parsera_b,parsera,parsera_run_10,35.82,0.1,8058571,197,2.481829594850005e-07,0.8887714498880875,1789,5.708492424337979,1.0,77,5.728667682153077,0.7686512758201701,8230,5.265703104155104,0.1130014326647564,5584
parsera_b,parsera,parsera_run_10,35.82,0.25,20146427,197,9.927318625779153e-08,0.8806888833623476,1919,6.03951405387307,1.0,66,6.010366949705183,0.7652570583158673,8111,5.4008507747491175,0.1130014326647564,5584
parsera_b,parsera,parsera_run_10,35.82,0.5,40292855,197,4.9636591897000104e-08,0.8717358865953743,2063,6.297373605577313,1.0,59,6.208059295278205,0.7612239779282669,7974,5.503252293835085,0.1130014326647564,5584
parsera_b,parsera,parsera_run_10,35.82,0.75,60439283,197,6.618212198182431e-08,0.8663889579706541,2149,6.4666919537766265,1.0,58,6.320536627848958,0.7586512866015972,7889,5.5851129504743655,0.1130014326647564,5584
parsera_b,parsera,parsera_run_10,35.82,1.0,80585711,197,2.4818295640526148e-08,0.8617881124098483,2223,6.587916592163194,1.0,58,6.3972533785804595,0.7563659628918746,7815,5.63506713587426,0.1130014326647564,5584
parsera_b,parsera,parsera_run_11,35.82,0.1,9116065,197,0.0,0.8885227555334494,1793,5.770190850846571,1.0,74,5.765166899747383,0.7686231619880909,8229,5.29004322314255,0.1130014326647564,5584
parsera_b,parsera,parsera_run_11,35.82,0.25,22790164,197,0.0,0.8842949515046008,1861,6.129930275689543,1.0,72,6.098684690333269,0.7667524194536323,8163,5.419327949858162,0.1130014326647564,5584
parsera_b,parsera,parsera_run_11,35.82,0.5,45580328,197,0.0,0.8768341208654563,1981,6.354578005039064,1.0,61,6.302047056947116,0.7635957288303948,8054,5.544716852564797,0.1130014326647564,5584
parsera_b,parsera,parsera_run_11,35.82,0.75,68370492,197,0.0,0.8717358865953743,2063,6.538863308406376,1.0,57,6.419347170842428,0.7612838515546639,7976,5.619901007719847,0.1130014326647564,5584
parsera_b,parsera,parsera_run_11,35.82,1.0,91160657,197,0.0,0.8671350410345685,2137,6.660180043548692,1.0,57,6.499618787147613,0.7590483421918501,7902,5.672767728354206,0.1130014326647564,5584
parsera_b,parsera,parsera_run_12,35.82,0.1,9619719,197,0.0,0.8916314349664263,1743,5.742584353128462,1.0,70,5.821516972860252,0.77013159483279,8283,5.296378725491582,0.1130014326647564,5584
parsera_b,parsera,parsera_run_12,35.82,0.25,24049297,197,0.0,0.8828027853767719,1885,6.100367529448929,1.0,62,6.112821544848806,0.7663516995950423,8149,5.420923133947433,0.1130014326647564,5584
parsera_b,parsera,parsera_run_12,35.82,0.5,48098595,197,0.0,0.8747202188510321,2015,6.400920254614352,1.0,54,6.3071954730204105,0.7628005481499938,8027,5.557402013829442,0.1130014326647564,5584
parsera_b,parsera,parsera_run_12,35.82,0.75,72147893,197,0.0,0.8687515543397165,2111,6.54504694529337,1.0,52,6.424473257967789,0.7600201663725737,7934,5.62558368426288,0.1128425577646426,5583
parsera_b,parsera,parsera_run_12,35.82,1.0,96197191,197,0.0,0.8641507087789108,2185,6.664088391638918,1.0,52,6.508022653727182,0.7577608142493639,7860,5.669528289435392,0.1128425577646426,5583
parsera_b,parsera,parsera_run_13,35.82,0.1,9527230,197,0.0,0.8870305894056205,1817,5.7731225762204295,1.0,60,5.772571718149096,0.7683416474023604,8219,5.284024073028414,0.1130014326647564,5584
parsera_b,parsera,parsera_run_13,35.82,0.25,23818076,197,0.0,0.8798184531211142,1933,6.143972732598795,1.0,58,6.0696844920755515,0.7650832819247378,8105,5.422552211220945,0.1130014326647564,5584
parsera_b,parsera,parsera_run_13,35.82,0.5,47636153,197,0.0,0.8661402636160159,2153,6.410017515670487,1.0,49,6.2116794325637805,0.7588041550544717,7894,5.520080653826865,0.1130014326647564,5584
parsera_b,parsera,parsera_run_13,35.82,0.75,71454230,197,0.0,0.8585550857995523,2275,6.5851603384886195,1.0,44,6.314492921783108,0.7551755175517552,7777,5.585369873965279,0.1130014326647564,5584
parsera_b,parsera,parsera_run_13,35.82,1.0,95272307,197,0.0,0.8510942551604078,2395,6.708153092688858,1.0,43,6.354745407874804,0.7513711151736746,7658,5.657146346288552,0.1130014326647564,5584
parsera_b,parsera,parsera_run_14,35.82,0.1,9528763,197,0.0,0.891258393434469,1749,5.778102879263354,1.0,77,5.816092377641075,0.769770253929867,8270,5.299254169091962,0.1130014326647564,5584
parsera_b,parsera,parsera_run_14,35.82,0.25,23821909,197,8.39563277653357e-08,0.884543645859239,1857,6.13099319514338,1.0,71,6.1178989707360225,0.7668952007835456,8168,5.434445202641231,0.1130014326647564,5584
parsera_b,parsera,parsera_run_14,35.82,0.5,47643819,197,0.0,0.8777045511066899,1967,6.420140509316992,1.0,71,6.338579938017231,0.7637130801687764,8058,5.535525283686532,0.1130014326647564,5584
parsera_b,parsera,parsera_run_14,35.82,0.75,71465728,197,0.0,0.8722332753046506,2055,6.5479672350138,1.0,59,6.454566084162471,0.7614632924079178,7982,5.610958383686828,0.1130014326647564,5584
parsera_b,parsera,parsera_run_14,35.82,1.0,95287638,197,1.0494540750396184e-08,0.865456354140761,2164,6.661761269345415,1.0,55,6.505309149030928,0.7582836105116161,7877,5.679718180555562,0.1130014326647564,5584
parsera_b,parsera,parsera_run_15,35.82,0.1,9550820,197,0.0,0.889517532952002,1777,5.7470115688871,1.0,63,5.794451580669959,0.7693798449612403,8256,5.293692713389351,0.1130014326647564,5584
parsera_b,parsera,parsera_run_15,35.82,0.25,23877051,197,8.376243783204216e-08,0.8815593136035812,1905,6.119252775403545,1.0,63,6.088614692496416,0.765748031496063,8128,5.433573161771201,0.1130014326647564,5584
parsera_b,parsera,parsera_run_15,35.82,0.5,47754103,197,0.0,0.8717358865953743,2063,6.40984972808942,1.0,62,6.270612274324559,0.7611341111529294,7971,5.554337180541411,0.1130014326647564,5584
parsera_b,parsera,parsera_run_15,35.82,0.75,71631155,197,0.0,0.8686272071623974,2113,6.603461746182004,1.0,58,6.406629454084857,0.7597476340694006,7925,5.629315232040155,0.1130014326647564,5584
parsera_b,parsera,parsera_run_15,35.82,1.0,95508207,197,0.0,0.8643994031335489,2181,6.724446964002072,1.0,58,6.475966387000355,0.7576683212422044,7857,5.704707839287248,0.1130014326647564,5584
parsera_b,parsera,parsera_run_16,35.82,0.1,9159703,197,0.0,0.8900149216612783,1769,5.724576225985944,1.0,70,5.7826970062515635,0.7694077752210245,8257,5.301259170850121,0.1130014326647564,5584
parsera_b,parsera,parsera_run_16,35.82,0.25,22899257,197,0.0,0.8818080079582193,1901,6.103544537162811,1.0,65,6.073778581156766,0.7658056580565805,8130,5.423646892278572,0.1130014326647564,5584
parsera_b,parsera,parsera_run_16,35.82,0.5,45798515,197,0.0,0.8731037055458841,2041,6.381656342141001,1.0,62,6.27146166654973,0.761791567621669,7993,5.5384391974456495,0.1130014326647564,5584
parsera_b,parsera,parsera_run_16,35.82,0.75,68697772,197,0.0,0.8698706789355881,2093,6.550677097148365,1.0,62,6.404381729459598,0.7602317088527893,7941,5.6187904139050815,0.1130014326647564,5584
parsera_b,parsera,parsera_run_16,35.82,1.0,91597030,197,0.0,0.8651454861974633,2169,6.690210659224624,1.0,57,6.475499572381801,0.7580686149936467,7870,5.6844353058068435,0.1130014326647564,5584
parsera_b,parsera,parsera_run_17,35.82,0.1,9127709,197,0.0,0.8910096990798309,1753,5.7499330919670415,1.0,72,5.787931181572487,0.7697980897110386,8271,5.298949987448577,0.1130014326647564,5584
parsera_b,parsera,parsera_run_17,35.82,0.25,22819273,197,0.0,0.8835488684406864,1873,6.1353834314612765,1.0,67,6.0853105498369295,0.7665522314860226,8156,5.4280037680466515,0.1130014326647564,5584
parsera_b,parsera,parsera_run_17,35.82,0.5,45638546,197,0.0,0.8773315095747326,1973,6.40967702371135,1.0,65,6.303758729609421,0.7637130801687764,8058,5.548800534544659,0.1130014326647564,5584
parsera_b,parsera,parsera_run_17,35.82,0.75,68457819,197,0.0,0.8732280527232031,2039,6.579262018591168,1.0,64,6.426138524810084,0.761791567621669,7993,5.630885845870218,0.1130014326647564,5584
parsera_b,parsera,parsera_run_17,35.82,1.0,91277092,197,0.0,0.867881124098483,2125,6.706937374056012,1.0,58,6.492562634772138,0.7593832933147985,7913,5.69145312946854,0.1130014326647564,5584
parsera_b,parsera,parsera_run_18,35.82,0.1,9105460,197,0.0,0.8926262123849789,1727,5.72869760785928,1.0,71,5.792488741348771,0.7705471197879007,8298,5.2895665703005985,0.1130014326647564,5584
parsera_b,parsera,parsera_run_18,35.82,0.25,22763651,197,0.0,0.8840462571499627,1865,6.082848545543411,1.0,68,6.064591510761373,0.7667524194536323,8163,5.419094623685045,0.1130014326647564,5584
parsera_b,parsera,parsera_run_18,35.82,0.5,45527302,197,0.0,0.8738497886097986,2029,6.352101471632383,1.0,63,6.252679474519651,0.7621189405297352,8004,5.536686705122169,0.1130014326647564,5584
parsera_b,parsera,parsera_run_18,35.82,0.75,68290953,197,0.0,0.8686272071623974,2113,6.5258355743027945,1.0,61,6.379765531157928,0.759656652360515,7922,5.5987673526619695,0.1130014326647564,5584
parsera_b,parsera,parsera_run_18,35.82,1.0,91054604,197,0.0,0.8627828898284009,2207,6.659175016762622,1.0,59,6.435123303063796,0.7568326947637293,7830,5.671051867043891,0.1130014326647564,5584
parsera_b,parsera,parsera_run_19,35.82,0.1,9882314,197,0.0,0.8896418801293211,1775,5.775442939898374,1.0,72,5.800025552087511,0.7691841435325494,8249,5.315200676007449,0.1130014326647564,5584
parsera_b,parsera,parsera_run_19,35.82,0.25,24705787,197,0.0,0.8823053966674956,1893,6.129338586432414,1.0,64,6.090317929593528,0.7660646271040669,8139,5.461160708847803,0.1130014326647564,5584
parsera_b,parsera,parsera_run_19,35.82,0.5,49411574,197,0.0,0.8748445660283511,2013,6.416075907846727,1.0,64,6.310385456122091,0.7625639107120589,8019,5.564508294587687,0.1130014326647564,5584
parsera_b,parsera,parsera_run_19,35.82,0.75,74117361,197,0.0,0.8702437204675454,2087,6.5829360455199355,1.0,62,6.442941513892844,0.7604127343651692,7947,5.628013984707543,0.1130014326647564,5584
parsera_b,parsera,parsera_run_19,35.82,1.0,98823149,197,0.0,0.8667619995026112,2143,6.7120822505157385,1.0,61,6.531754722274064,0.7587430309173847,7892,5.678729841678873,0.1130014326647564,5584
parsera_b,parsera,parsera_run_2,35.82,0.1,8665120,197,2.3081042155215394e-07,0.8926262123849789,1727,5.715211692365315,1.0,66,5.789626979221455,0.7706852944718776,8303,5.3062156528997075,0.1130014326647564,5584
parsera_b,parsera,parsera_run_2,35.82,0.25,21662801,197,0.0,0.8852897289231535,1845,6.07756774423289,1.0,66,6.085151908978062,0.7673793524740379,8185,5.4263882209124255,0.1130014326647564,5584
parsera_b,parsera,parsera_run_2,35.82,0.5,43325603,197,0.0,0.8752176075603084,2007,6.365820372840548,1.0,58,6.267871781778456,0.7629186900759557,8031,5.536375554100045,0.1130014326647564,5584
parsera_b,parsera,parsera_run_2,35.82,0.75,64988404,197,0.0,0.8701193732902263,2089,6.533258811987087,1.0,58,6.38797598074678,0.7604730154736444,7949,5.606571695887695,0.1130014326647564,5584
parsera_b,parsera,parsera_run_2,35.82,1.0,86651206,197,0.0,0.8655185277294205,2163,6.679191834831,1.0,55,6.464718215681528,0.7583142929677583,7878,5.659878198853776,0.1130014326647564,5584
parsera_b,parsera,parsera_run_20,35.82,0.1,9421253,197,0.0,0.892750559562298,1725,5.752891266459202,1.0,66,5.817663261671373,0.7707405177603853,8305,5.3058439138130495,0.1130014326647564,5584
parsera_b,parsera,parsera_run_20,35.82,0.25,23553133,197,0.0,0.8816836607809003,1903,6.146628323908697,1.0,57,6.0783445167530346,0.7659783677482792,8136,5.444839150804544,0.1130014326647564,5584
parsera_b,parsera,parsera_run_20,35.82,0.5,47106267,197,0.0,0.8767097736881373,1983,6.435886994597404,1.0,54,6.301456342180951,0.7637423998014642,8059,5.573885513366665,0.1130014326647564,5584
parsera_b,parsera,parsera_run_20,35.82,0.75,70659400,197,0.0,0.871238497886098,2071,6.606193699473881,1.0,54,6.425362126293838,0.7611341111529294,7971,5.637040220477645,0.1130014326647564,5584
parsera_b,parsera,parsera_run_20,35.82,1.0,94212534,197,0.0,0.8656428749067396,2161,6.727312873046981,1.0,54,6.497554962979201,0.7584062936175612,7881,5.692243315758647,0.1130014326647564,5584
parsera_b,parsera,parsera_run_3,35.82,0.1,8712813,197,4.590939803252979e-07,0.889517532952002,1777,5.717174508708511,1.0,68,5.769063198991612,0.7692400921100473,8251,5.275933378080737,0.1130014326647564,5584
parsera_b,parsera,parsera_run_3,35.82,0.25,21782034,197,0.0,0.8831758269087292,1879,6.09217173285337,1.0,67,6.07343817731765,0.7663803680981595,8150,5.404841806510133,0.1130014326647564,5584
parsera_b,parsera,parsera_run_3,35.82,0.5,43564069,197,0.0,0.8754663019149466,2003,6.384128472888487,1.0,64,6.2735860050334376,0.7628596338273758,8029,5.526043370951671,0.1130014326647564,5584
parsera_b,parsera,parsera_run_3,35.82,0.75,65346103,197,0.0,0.8708654563541408,2077,6.574585733819811,1.0,55,6.394585474791825,0.7609241587142139,7964,5.607382602300242,0.1130014326647564,5584
parsera_b,parsera,parsera_run_3,35.82,1.0,87128138,197,0.0,0.8658915692613778,2157,6.695561128265706,1.0,55,6.4650224898884625,0.7584982242516489,7884,5.672580649472608,0.1130014326647564,5584
parsera_b,parsera,parsera_run_4,35.82,0.1,4223602,197,4.735294660813211e-07,0.8917557821437453,1741,5.433340160778542,1.0,73,5.480180575279266,0.7701038396522579,8282,5.172770629272783,0.1130014326647564,5584
parsera_b,parsera,parsera_run_4,35.82,0.25,10559006,197,0.0,0.8876523252922158,1807,5.792424501428826,1.0,69,5.811306780157813,0.7683698296836983,8220,5.305942639784747,0.1130014326647564,5584
parsera_b,parsera,parsera_run_4,35.82,0.5,21118012,197,0.0,0.8834245212633673,1875,6.0733184227717825,1.0,60,6.048252258455497,0.7666952579340767,8161,5.418571780243427,0.1130014326647564,5584
parsera_b,parsera,parsera_run_4,35.82,0.75,31677018,197,0.0,0.8798184531211142,1933,6.239161217874292,1.0,60,6.178398505238228,0.7650252992718746,8103,5.486867276517999,0.1130014326647564,5584
parsera_b,parsera,parsera_run_4,35.82,1.0,42236024,197,0.0,0.8780775926386472,1961,6.358836581343227,1.0,60,6.275514271913555,0.7642105263157895,8075,5.541170922200475,0.1130014326647564,5584
parsera_b,parsera,parsera_run_5,35.82,0.1,9066847,197,0.0,0.892874906739617,1723,5.762278834598078,1.0,71,5.807252620660182,0.7706576728499157,8302,5.300394643256396,0.1130014326647564,5584
parsera_b,parsera,parsera_run_5,35.82,0.25,22667117,197,0.0,0.8862845063417061,1829,6.111079771820709,1.0,64,6.103469500267767,0.7678897964159453,8203,5.445210968765779,0.1130014326647564,5584
parsera_b,parsera,parsera_run_5,35.82,0.5,45334235,197,0.0,0.877953245461328,1963,6.407155600429844,1.0,62,6.305091474844511,0.764093668690373,8071,5.553412007894632,0.1130014326647564,5584
parsera_b,parsera,parsera_run_5,35.82,0.75,68001353,197,0.0,0.872855011191246,2045,6.566981515818652,1.0,58,6.416029693313989,0.761791567621669,7993,5.629775375427188,0.1130014326647564,5584
parsera_b,parsera,parsera_run_5,35.82,1.0,90668471,197,0.0,0.8657672220840587,2159,6.7211053305898325,1.0,53,6.466996821509373,0.7584982242516489,7884,5.689419686150396,0.1130014326647564,5584
parsera_b,parsera,parsera_run_6,35.82,0.1,9688640,197,0.0,0.8897662273066401,1773,5.769647114887949,1.0,72,5.807331489205489,0.7692400921100473,8251,5.297154799521256,0.1130014326647564,5584
parsera_b,parsera,parsera_run_6,35.82,0.25,24221601,197,0.0,0.8839219099726436,1867,6.1283695826416436,1.0,65,6.114628347485617,0.766780989710926,8164,5.440608459203328,0.1130014326647564,5584
parsera_b,parsera,parsera_run_6,35.82,0.5,48443202,197,0.0,0.8753419547376274,2005,6.429055724390802,1.0,61,6.318615877785023,0.7628891656288916,8030,5.544495928927306,0.1130014326647564,5584
parsera_b,parsera,parsera_run_6,35.82,0.75,72664803,197,0.0,0.871114150708779,2073,6.601468836349997,1.0,60,6.444626609909443,0.7608941353761145,7963,5.623848325925355,0.1130014326647564,5584
parsera_b,parsera,parsera_run_6,35.82,1.0,96886405,197,0.0,0.8656428749067396,2161,6.745221830609327,1.0,55,6.516441476912461,0.7583756345177665,7880,5.6790899353080215,0.1130014326647564,5584
parsera_b,parsera,parsera_run_7,35.82,0.1,9000006,197,0.0,0.889393185774683,1779,5.697808154976788,1.0,60,5.746833949933553,0.7694077752210245,8257,5.280285096889719,0.1130014326647564,5584
parsera_b,parsera,parsera_run_7,35.82,0.25,22500017,197,0.0,0.8790723700571997,1945,6.060105086345293,1.0,56,6.034620773534206,0.764793082149475,8095,5.39572389887363,0.1130014326647564,5584
parsera_b,parsera,parsera_run_7,35.82,0.5,45000034,197,0.0,0.8661402636160159,2153,6.355365358214664,1.0,51,6.186925291473185,0.7587430309173847,7892,5.520598489888287,0.1130014326647564,5584
parsera_b,parsera,parsera_run_7,35.82,0.75,67500051,197,0.0,0.857933349912957,2285,6.5675832663415985,1.0,40,6.261924608771836,0.7549864882254536,7771,5.617246301472123,0.1130014326647564,5584
parsera_b,parsera,parsera_run_7,35.82,1.0,90000069,197,0.0,0.8519646854016414,2381,6.710871146310772,1.0,34,6.326925250697961,0.7521156099466215,7681,5.675552543794403,0.1130014326647564,5584
parsera_b,parsera,parsera_run_8,35.82,0.1,8986455,197,0.0,0.887776672469535,1805,5.731662425651045,1.0,65,5.7537066752335715,0.7685387794796985,8226,5.275339629772173,0.1130014326647564,5584
parsera_b,parsera,parsera_run_8,35.82,0.25,22466138,197,0.0,0.8800671474757523,1929,6.121769626012085,1.0,59,6.035855825831312,0.7651702022693636,8108,5.410820781046739,0.1130014326647564,5584
parsera_b,parsera,parsera_run_8,35.82,0.5,44932276,197,0.0,0.8692489430489928,2103,6.421623657427062,1.0,53,6.204888326097619,0.7602015113350126,7940,5.542924477158883,0.1130014326647564,5584
parsera_b,parsera,parsera_run_8,35.82,0.75,67398414,197,0.0,0.8610420293459339,2235,6.6136011741725875,1.0,46,6.288439653696251,0.7563659628918746,7815,5.628625832737751,0.1130014326647564,5584
parsera_b,parsera,parsera_run_8,35.82,1.0,89864553,197,0.0,0.8530838099975131,2363,6.74238506958924,1.0,45,6.328357455704942,0.7523413111342352,7688,5.687629376589894,0.1130014326647564,5584
parsera_b,parsera,parsera_run_9,35.82,0.1,8214314,197,0.0,0.8850410345685154,1849,5.701987737422007,1.0,68,5.682928819386556,0.7672087052206871,8179,5.239479132130952,0.1130014326647564,5584
parsera_b,parsera,parsera_run_9,35.82,0.25,20535785,197,0.0,0.8780775926386472,1961,6.043433659089056,1.0,64,5.970126425010388,0.764093668690373,8071,5.379254664273707,0.1130014326647564,5584
parsera_b,parsera,parsera_run_9,35.82,0.5,41071571,197,0.0,0.8681298184531211,2121,6.3331630913847885,1.0,64,6.148899700761677,0.7593224623941347,7911,5.501988098244957,0.1130014326647564,5584
parsera_b,parsera,parsera_run_9,35.82,0.75,61607356,197,0.0,0.861415070877891,2229,6.505429968905885,1.0,64,6.25601899785043,0.7559912854030502,7803,5.572514494979014,0.1130014326647564,5584
parsera_b,parsera,parsera_run_9,35.82,1.0,82143142,197,0.0,0.8540785874160657,2347,6.633223794137428,1.0,63,6.312722810018093,0.7522768670309654,7686,5.622185301429443,0.1130014326647564,5584
parsera_b,parserb,parserb_run_1,35.82,0.1,4616595,197,0.0,0.8968540164138274,1659,5.547545188297719,1.0,79,5.543883548325209,0.7721943048576214,8358,5.1838298692618565,0.1130014326647564,5584
parsera_b,parserb,parserb_run_1,35.82,0.25,11541487,197,0.0,0.8887714498880875,1789,5.90919984926234,1.0,54,5.8292200216802765,0.7692960135708228,8253,5.318956831596851,0.1130014326647564,5584
parsera_b,parserb,parserb_run_1,35.82,0.5,23082975,197,0.0,0.881310619248943,1909,6.197685169656743,1.0,53,6.044613309567875,0.76592082616179,8134,5.417199530535851,0.1130014326647564,5584
parsera_b,parserb,parserb_run_1,35.82,0.75,34624463,197,0.0,0.8740984829644367,2025,6.3608303368297525,1.0,47,6.138089072843338,0.7627118644067796,8024,5.492610945155872,0.1130014326647564,5584
parsera_b,parserb,parserb_run_1,35.82,1.0,46165951,197,0.0,0.8665133051479731,2147,6.467811600463415,1.0,44,6.182574065112504,0.7591397849462366,7905,5.5433288270699785,0.1130014326647564,5584
parsera_b,parserb,parserb_run_10,35.82,0.1,9681316,197,0.0,0.8901392688385974,1767,5.814928102485296,1.0,70,5.801182971999272,0.7694636154498123,8259,5.312841420384384,0.1130014326647564,5584
parsera_b,parserb,parserb_run_10,35.82,0.25,24203290,197,0.0,0.8840462571499627,1865,6.184049975304851,1.0,70,6.112892810782943,0.7666952579340767,8161,5.436708613568256,0.1130014326647564,5584
parsera_b,parserb,parserb_run_10,35.82,0.5,48406580,197,0.0,0.8768341208654563,1981,6.485640531119829,1.0,67,6.3278004447411975,0.7634194831013916,8048,5.546347383363526,0.1130014326647564,5584
parsera_b,parserb,parserb_run_10,35.82,0.75,72609870,197,0.0,0.8734767470778413,2035,6.6741540875702805,1.0,63,6.45655087827576,0.7619404851212803,7998,5.626048098713519,0.1130014326647564,5584
parsera_b,parserb,parserb_run_10,35.82,1.0,96813161,197,0.0,0.8686272071623974,2113,6.825572445212601,1.0,55,6.531083280735134,0.7598385469223007,7928,5.688768373845508,0.1130014326647564,5584
parsera_b,parserb,parserb_run_11,35.82,0.1,8504522,197,0.0,0.8918801293210644,1739,5.748473549875854,1.0,73,5.763854665698961,0.7701593433124094,8284,5.290774096731359,0.1130014326647564,5584
parsera_b,parserb,parserb_run_11,35.82,0.25,21261306,197,0.0,0.8856627704551107,1839,6.137853337289746,1.0,70,6.071664741416332,0.76743617930866,8187,5.411622313972752,0.1130014326647564,5584
parsera_b,parserb,parserb_run_11,35.82,0.5,42522612,197,0.0,0.8775802039293708,1969,6.424047910797728,1.0,70,6.2809233253746,0.7636837532580365,8057,5.516326217025403,0.1130014326647564,5584
parsera_b,parserb,parserb_run_11,35.82,0.75,63783918,197,0.0,0.8717358865953743,2063,6.592029758903918,1.0,65,6.3847880483944,0.7610441767068273,7968,5.604413620231852,0.1130014326647564,5584
parsera_b,parserb,parserb_run_11,35.82,1.0,85045224,197,0.0,0.8690002486943547,2107,6.71390257308568,1.0,60,6.471965073675441,0.7598688359187792,7929,5.671793973360541,0.1130014326647564,5584
parsera_b,parserb,parserb_run_12,35.82,0.1,8443492,197,0.0,0.8910096990798309,1753,5.758180332327059,1.0,62,5.752210491574744,0.7700760777683855,8281,5.298140954907131,0.1130014326647564,5584
parsera_b,parserb,parserb_run_12,35.82,0.25,21108731,197,0.0,0.8871549365829395,1815,6.144442400580941,1.0,57,6.078583025538727,0.7684824902723736,8224,5.4243768856981776,0.1130014326647564,5584
parsera_b,parserb,parserb_run_12,35.82,0.5,42217463,197,0.0,0.879694105943795,1935,6.429496140148219,1.0,57,6.2890969737345115,0.7650542941757157,8104,5.533867662730018,0.1130014326647564,5584
parsera_b,parserb,parserb_run_12,35.82,0.75,63326195,197,0.0,0.8736010942551604,2033,6.602758231257157,1.0,56,6.408397060702875,0.7622080679405521,8007,5.591484332189567,0.1130014326647564,5584
parsera_b,parserb,parserb_run_12,35.82,1.0,84434927,197,0.0,0.8709898035314598,2075,6.724017313767976,1.0,56,6.5053748946910686,0.7609541745134966,7965,5.643419206518451,0.1130014326647564,5584
parsera_b,parserb,parserb_run_13,35.82,0.1,9602835,197,0.0,0.8890201442427257,1785,5.813487967289319,1.0,72,5.785339794576837,0.7689039932030586,8239,5.308897250175374,0.1130014326647564,5584
parsera_b,parserb,parserb_run_13,35.82,0.25,24007088,197,0.0,0.8847923402138771,1853,6.188737226203047,1.0,64,6.112954023241414,0.7672087052206871,8179,5.439670610348361,0.1130014326647564,5584
parsera_b,parserb,parserb_run_13,35.82,0.5,48014177,197,0.0,0.8785749813479234,1953,6.486765843651622,1.0,61,6.3359919403163065,0.7644147488245484,8082,5.553733185826317,0.1130014326647564,5584
parsera_b,parserb,parserb_run_13,35.82,0.75,72021266,197,0.0,0.8736010942551604,2033,6.645509137864665,1.0,59,6.454121293573531,0.7621189405297352,8004,5.635531115908296,0.1130014326647564,5584
parsera_b,parserb,parserb_run_13,35.82,1.0,96028355,197,0.0,0.8702437204675454,2087,6.76496330593784,1.0,59,6.537776774957786,0.7605031446540881,7950,5.693181778389752,0.1130014326647564,5584
parsera_b,parserb,parserb_run_14,35.82,0.1,9884277,197,0.0,0.89113404625715,1751,5.837739417409995,1.0,70,5.817817363714517,0.7699093655589124,8275,5.310458912109473,0.1130014326647564,5584
parsera_b,parserb,parserb_run_14,35.82,0.25,24710693,197,0.0,0.8834245212633673,1875,6.213815208015002,1.0,69,6.1129227711209495,0.7664376840039254,8152,5.430402962390662,0.1130014326647564,5584
parsera_b,parserb,parserb_run_14,35.82,0.5,49421386,197,0.0,0.8775802039293708,1969,6.501003113383712,1.0,67,6.342088081762727,0.7637717121588089,8060,5.5439381860175185,0.1130014326647564,5584
parsera_b,parserb,parserb_run_14,35.82,0.75,74132079,197,0.0,0.8707411091768217,2079,6.66983720834517,1.0,65,6.442250413480364,0.7605633802816901,7952,5.622528602083792,0.1130014326647564,5584
parsera_b,parserb,parserb_run_14,35.82,1.0,98842773,197,0.0,0.8610420293459339,2235,6.803664799957091,1.0,58,6.459369753462071,0.7559912854030502,7803,5.699054921246823,0.1130014326647564,5584
parsera_b,parserb,parserb_run_15,35.82,0.1,8796639,197,0.0,0.8918801293210644,1739,5.747578348000976,1.0,74,5.777714749857382,0.77013159483279,8283,5.312468768507199,0.1130014326647564,5584
parsera_b,parserb,parserb_run_15,35.82,0.25,21991598,197,0.0,0.8835488684406864,1873,6.129266294667665,1.0,69,6.0754372079149,0.7664949717929851,8154,5.423126216559369,0.1130014326647564,5584
parsera_b,parserb,parserb_run_15,35.82,0.5,43983196,197,0.0,0.8755906490922656,2001,6.4077791247261695,1.0,66,6.266263900539173,0.7628596338273758,8029,5.546041881778206,0.1130014326647564,5584
parsera_b,parserb,parserb_run_15,35.82,0.75,65974794,197,0.0,0.8693732902263118,2101,6.586010938404835,1.0,64,6.371307757616034,0.7599293909973521,7931,5.619829287172392,0.1130014326647564,5584
parsera_b,parserb,parserb_run_15,35.82,1.0,87966392,197,0.0,0.8673837353892067,2133,6.7070465921089735,1.0,64,6.472574006806044,0.7589568299784782,7899,5.673330645244424,0.1130014326647564,5584
parsera_b,parserb,parserb_run_16,35.82,0.1,8806391,197,0.0,0.889393185774683,1779,5.777806122386328,1.0,62,5.742898818158843,0.7693519079345851,8255,5.298713545637562,0.1130014326647564,5584
parsera_b,parserb,parserb_run_16,35.82,0.25,22015978,197,0.0,0.8826784381994529,1887,6.13963041700327,1.0,62,6.041711284105779,0.7662943414753897,8147,5.4202266518632705,0.1130014326647564,5584
parsera_b,parserb,parserb_run_16,35.82,0.5,44031956,197,0.0,0.8743471773190749,2021,6.431118130828118,1.0,61,6.24387382762749,0.7624157723983029,8014,5.528995163937418,0.1130014326647564,5584
parsera_b,parserb,parserb_run_16,35.82,0.75,66047934,197,0.0,0.8698706789355881,2093,6.634513037029608,1.0,56,6.372981859669127,0.7604127343651692,7947,5.605126418829388,0.1130014326647564,5584
parsera_b,parserb,parserb_run_16,35.82,1.0,88063912,197,0.0,0.8645237503108679,2179,6.770194149274435,1.0,55,6.449726901817111,0.7578224370389214,7862,5.647338990776088,0.1130014326647564,5584
parsera_b,parserb,parserb_run_17,35.82,0.1,9594267,197,0.0,0.8876523252922158,1807,5.791491986858341,1.0,61,5.753136645412582,0.768595041322314,8228,5.3139977139834995,0.1130014326647564,5584
parsera_b,parserb,parserb_run_17,35.82,0.25,23985668,197,0.0,0.8790723700571997,1945,6.167457346070725,1.0,53,6.0252095491341,0.7648802173376142,8098,5.451489442375275,0.1130014326647564,5584
parsera_b,parserb,parserb_run_17,35.82,0.5,47971337,197,0.0,0.8692489430489928,2103,6.49537096260525,1.0,45,6.222423757692125,0.7604428787116255,7948,5.557958670994062,0.1130014326647564,5584
parsera_b,parserb,parserb_run_17,35.82,0.75,71957006,197,0.0,0.8610420293459339,2235,6.684977011473256,1.0,44,6.308426233956163,0.7564282973007548,7817,5.640730633088664,0.1130014326647564,5584
parsera_b,parserb,parserb_run_17,35.82,1.0,95942675,197,0.0,0.8556951007212136,2321,6.849050267364035,1.0,33,6.369288561529642,0.7540687160940326,7742,5.707798193365156,0.1130014326647564,5584
parsera_b,parserb,parserb_run_18,35.82,0.1,3741464,197,2.4589305149000497e-05,0.9233399651827904,1233,5.640357274413793,1.0,118,5.964117669229383,0.7822755860491709,8745,5.342688369454428,0.1130014326647564,5584
parsera_b,parserb,parserb_run_18,35.82,0.25,9353661,197,7.91134081083332e-06,0.9188634667993036,1305,6.008917463975104,1.0,107,6.291458369511308,0.7807461999078765,8684,5.4367137054458246,0.1130014326647564,5584
parsera_b,parserb,parserb_run_18,35.82,0.5,18707322,197,5.559320569774765e-06,0.9137652325292216,1387,6.334407798197789,1.0,99,6.563530525630759,0.7788617886178861,8610,5.550397616207528,0.1130014326647564,5584
parsera_b,parserb,parserb_run_18,35.82,0.75,28060983,197,3.2073003287162105e-06,0.91127828898284,1427,6.473306278103291,1.0,94,6.704476375259629,0.7779591836734694,8575,5.611567115931323,0.1130014326647564,5584
parsera_b,parserb,parserb_run_18,35.82,1.0,37414645,197,2.298565174145044e-06,0.9099104700323304,1449,6.6429743067409115,1.0,87,6.816388435679836,0.7775700934579439,8560,5.64211534320716,0.1130014326647564,5584
parsera_b,parserb,parserb_run_19,35.82,0.1,9598666,197,0.0,0.8906366575478737,1759,5.7787008764388155,1.0,67,5.792047016923748,0.769770253929867,8270,5.2856880593809,0.1130014326647564,5584
parsera_b,parserb,parserb_run_19,35.82,0.25,23996667,197,0.0,0.8840462571499627,1865,6.168813966388267,1.0,62,6.081928628726819,0.766923736075407,8169,5.4168891088566555,0.1130014326647564,5584
parsera_b,parserb,parserb_run_19,35.82,0.5,47993334,197,0.0,0.8723576224819697,2053,6.482209223899084,1.0,57,6.261509913876196,0.7615827698472326,7986,5.529750420891911,0.1130014326647564,5584
parsera_b,parserb,parserb_run_19,35.82,0.75,71990001,197,0.0,0.8653941805521015,2165,6.694569525009363,1.0,52,6.374442518171981,0.7583449676354868,7879,5.59094282729656,0.1130014326647564,5584
parsera_b,parserb,parserb_run_19,35.82,1.0,95986668,197,0.0,0.8611663765232529,2233,6.817742136451394,1.0,52,6.468664142414349,0.7562411983100755,7811,5.629504870216563,0.1130014326647564,5584
parsera_b,parserb,parserb_run_2,35.82,0.1,9235573,197,0.0,0.8958592389952748,1675,5.807592545279565,1.0,72,5.828202007984265,0.7719487363756139,8349,5.325613214953287,0.1130014326647564,5584
parsera_b,parserb,parserb_run_2,35.82,0.25,23088933,197,0.0,0.8896418801293211,1775,6.201460446277747,1.0,56,6.137146545969078,0.7696309739866909,8265,5.445441250622681,0.1130014326647564,5584
parsera_b,parserb,parserb_run_2,35.82,0.5,46177867,197,0.0,0.8805645361850286,1921,6.501800066489392,1.0,53,6.345627307548126,0.7655749815316425,8122,5.542573149353987,0.1130014326647564,5584
parsera_b,parserb,parserb_run_2,35.82,0.75,69266800,197,0.0,0.8772071623974136,1975,6.670588386121117,1.0,53,6.4789902446386245,0.7640059494298463,8068,5.616862546580177,0.1130014326647564,5584
parsera_b,parserb,parserb_run_2,35.82,1.0,92355734,197,0.0,0.8714871922407361,2067,6.795702411489499,1.0,50,6.548153032447425,0.7613736057150019,7979,5.670821220808594,0.1130014326647564,5584
parsera_b,parserb,parserb_run_20,35.82,0.1,9612683,197,2.0805845776876243e-07,0.892874906739617,1723,5.78957025029709,1.0,77,5.834822946322778,0.7704918032786885,8296,5.318417723397183,0.1130014326647564,5584
parsera_b,parserb,parserb_run_20,35.82,0.25,24031709,197,8.322337791290665e-08,0.8836732156180055,1871,6.1708299230691654,1.0,71,6.11262283371707,0.7664949717929851,8154,5.436745572865477,0.1130014326647564,5584
parsera_b,parserb,parserb_run_20,35.82,0.5,48063418,197,4.1611688956453334e-08,0.8768341208654563,1981,6.465250656654625,1.0,63,6.332643606430752,0.7635370094386488,8052,5.543050893823881,0.1130014326647564,5584
parsera_b,parserb,parserb_run_20,35.82,0.75,72095127,197,2.7741125970968886e-08,0.8733523999005223,2037,6.633868710506062,1.0,63,6.463294666978316,0.7618809404702351,7996,5.627555799770486,0.1130014326647564,5584
parsera_b,parserb,parserb_run_20,35.82,1.0,96126837,197,2.080584426178508e-08,0.8673837353892067,2133,6.78527747049917,1.0,59,6.52045960204227,0.7591093117408907,7904,5.690423264612118,0.1130014326647564,5584
parsera_b,parserb,parserb_run_3,35.82,0.1,8754505,197,0.0,0.8922531708530216,1733,5.724368457793584,1.0,63,5.780617354746608,0.7706024096385542,8300,5.310248059693024,0.1130014326647564,5584
parsera_b,parserb,parserb_run_3,35.82,0.25,21886263,197,9.138152091108473e-08,0.8839219099726436,1867,6.117883411184471,1.0,57,6.070637956938039,0.7670093000489476,8172,5.4302447289955,0.1130014326647564,5584
parsera_b,parserb,parserb_run_3,35.82,0.5,43772527,197,0.0,0.8788236757025616,1949,6.421185445573001,1.0,50,6.293009246769392,0.7648511794491787,8097,5.553862876845297,0.1130014326647564,5584
parsera_b,parserb,parserb_run_3,35.82,0.75,65658790,197,0.0,0.8726063168366078,2049,6.593092548035752,1.0,49,6.4125445301360955,0.7619404851212803,7998,5.6082575808882495,0.1130014326647564,5584
parsera_b,parserb,parserb_run_3,35.82,1.0,87545054,197,0.0,0.8686272071623974,2113,6.714293085963652,1.0,49,6.492662192368755,0.7600201663725737,7934,5.671713777670018,0.1130014326647564,5584
parsera_b,parserb,parserb_run_4,35.82,0.1,3294417,197,0.0,0.9012061676199952,1589,5.3686254694970295,1.0,77,5.469435953527101,0.7741399762752076,8430,5.16167509847548,0.1130014326647564,5584
parsera_b,parserb,parserb_run_4,35.82,0.25,8236042,197,0.0,0.8967296692365083,1661,5.752865641906595,1.0,71,5.795494835143181,0.7723577235772358,8364,5.2726322219734385,0.1130014326647564,5584
parsera_b,parserb,parserb_run_4,35.82,0.5,16472085,197,0.0,0.889517532952002,1777,6.044027177753752,1.0,71,6.0136340961843056,0.7691561590688651,8248,5.369819151421966,0.1130014326647564,5584
parsera_b,parserb,parserb_run_4,35.82,0.75,24708128,197,0.0,0.8859114648097488,1835,6.1941480448149155,1.0,68,6.141107916382726,0.76760649334798,8193,5.44200476960117,0.1130014326647564,5584
parsera_b,parserb,parserb_run_4,35.82,1.0,32944171,197,0.0,0.8835488684406864,1873,6.305820277642421,1.0,66,6.233341584284155,0.7665808508029913,8157,5.492215759606762,0.1130014326647564,5584
parsera_b,parserb,parserb_run_5,35.82,0.1,9549317,197,0.0,0.8886471027107684,1791,5.7606237681956385,1.0,68,5.761720045472997,0.7688478815102586,8237,5.287877645319176,0.1130014326647564,5584
parsera_b,parserb,parserb_run_5,35.82,0.25,23873294,197,8.377561973643018e-08,0.8794454115891569,1939,6.134878207593366,1.0,66,6.046614101250436,0.7646768013842541,8091,5.414580687041281,0.1130014326647564,5584
parsera_b,parserb,parserb_run_5,35.82,0.5,47746588,197,0.0,0.8675080825665258,2131,6.440652449321919,1.0,46,6.213051582536628,0.7595656017173885,7919,5.540978904363713,0.1130014326647564,5584
parsera_b,parserb,parserb_run_5,35.82,0.75,71619882,197,0.0,0.8581820442675951,2281,6.629821778950123,1.0,43,6.293751597688475,0.755018013381369,7772,5.608129793294487,0.1130014326647564,5584
parsera_b,parserb,parserb_run_5,35.82,1.0,95493176,197,0.0,0.8508455608057697,2399,6.758677219481713,1.0,42,6.334607056286357,0.7512736773350751,7655,5.67672319267028,0.1130014326647564,5584
parsera_b,parserb,parserb_run_6,35.82,0.1,7991327,197,0.0,0.8934966426262124,1713,5.754992168436453,1.0,63,5.753510081154574,0.7711538461538462,8320,5.2839104595433595,0.1130014326647564,5584
parsera_b,parserb,parserb_run_6,35.82,0.25,19978317,197,0.0,0.8866575478736632,1823,6.101381823902178,1.0,60,6.05875726039499,0.7681724095945452,8213,5.409030642887752,0.1130014326647564,5584
parsera_b,parserb,parserb_run_6,35.82,0.5,39956635,197,0.0,0.8799428002984332,1931,6.37783605669863,1.0,60,6.271952249002298,0.7650832819247378,8105,5.529081010332827,0.1130014326647564,5584
parsera_b,parserb,parserb_run_6,35.82,0.75,59934953,197,0.0,0.8753419547376274,2005,6.54611315084566,1.0,59,6.388622589901736,0.7629482071713147,8032,5.606748983433018,0.1130014326647564,5584
parsera_b,parserb,parserb_run_6,35.82,1.0,79913271,197,0.0,0.8698706789355881,2093,6.682185867227211,1.0,56,6.460965843102287,0.7604127343651692,7947,5.648822474295776,0.1130014326647564,5584
parsera_b,parserb,parserb_run_7,35.82,0.1,8237644,197,0.0,0.8902636160159164,1765,5.781663598700652,1.0,76,5.730074391857799,0.7693519079345851,8255,5.281226949182226,0.1130014326647564,5584
parsera_b,parserb,parserb_run_7,35.82,0.25,20594111,197,9.711514131394165e-08,0.8836732156180055,1871,6.119543490563526,1.0,70,6.049646882176015,0.7665236051502146,8155,5.404956220633287,0.1130014326647564,5584
parsera_b,parserb,parserb_run_7,35.82,0.5,41188223,197,0.0,0.8773315095747326,1973,6.409216687357646,1.0,65,6.264779588384342,0.7637130801687764,8058,5.524069269691683,0.1130014326647564,5584
parsera_b,parserb,parserb_run_7,35.82,0.75,61782335,197,0.0,0.8722332753046506,2055,6.5549199786453896,1.0,57,6.384834148675867,0.7615230460921844,7984,5.587367945681869,0.1130014326647564,5584
parsera_b,parserb,parserb_run_7,35.82,1.0,82376447,197,0.0,0.8685028599850784,2115,6.6596278237158115,1.0,54,6.4624201916339485,0.75980825028384,7927,5.655573075474201,0.1130014326647564,5584
parsera_b,parserb,parserb_run_8,35.82,0.1,9246972,197,0.0,0.89113404625715,1751,5.790695490033665,1.0,66,5.788909680197576,0.7700205338809035,8279,5.308946319524448,0.1130014326647564,5584
parsera_b,parserb,parserb_run_8,35.82,0.25,23117430,197,0.0,0.8856627704551107,1839,6.14100700231325,1.0,64,6.100547914136748,0.76760649334798,8193,5.449121147336026,0.1130014326647564,5584
parsera_b,parserb,parserb_run_8,35.82,0.5,46234860,197,0.0,0.877828898284009,1965,6.437076327554083,1.0,61,6.3031386526497135,0.7640644361833953,8070,5.57349033940046,0.1130014326647564,5584
parsera_b,parserb,parserb_run_8,35.82,0.75,69352290,197,0.0,0.8724819696592887,2051,6.60737640607505,1.0,60,6.422728493338966,0.7615529117094553,7985,5.63384339597967,0.1130014326647564,5584
parsera_b,parserb,parserb_run_8,35.82,1.0,92469721,197,0.0,0.8680054712758021,2123,6.728281507940927,1.0,60,6.515593562278434,0.7594136972453879,7914,5.659941130984765,0.1128425577646426,5583
parsera_b,parserb,parserb_run_9,35.82,0.1,9260726,197,0.0,0.8917557821437453,1741,5.792064497073506,1.0,65,5.801849581007872,0.7703256936067552,8290,5.3010053158877115,0.1130014326647564,5584
parsera_b,parserb,parserb_run_9,35.82,0.25,23151816,197,0.0,0.8854140761004725,1843,6.132278037715292,1.0,57,6.112631625829793,0.7676915568570034,8196,5.423053597232147,0.1130014326647564,5584
parsera_b,parserb,parserb_run_9,35.82,0.5,46303632,197,0.0,0.8777045511066899,1967,6.447948248451476,1.0,54,6.306289709904043,0.7642105263157895,8075,5.561103551486263,0.1130014326647564,5584
parsera_b,parserb,parserb_run_9,35.82,0.75,69455448,197,0.0,0.8734767470778413,2035,6.618722535340947,1.0,54,6.435477940974515,0.7622080679405521,8007,5.63072455476227,0.1130014326647564,5584
parsera_b,parserb,parserb_run_9,35.82,1.0,92607265,197,0.0,0.869497637403631,2099,6.739609929990894,1.0,54,6.51935290473468,0.7602920810776784,7943,5.684413329388272,0.1130014326647564,5584
parserc,parserc,parserc_run_16,24.81,0.1,10167606,716,1.9670313739537114e-07,0.7246280045784051,2887,9.843695221538628,0.2758620689655172,87,3.085781628867447,0.7341576506955177,1941,6.629948325283966,0.0302038761641077,3973
parserc,parserc,parserc_run_16,24.81,0.25,25419016,717,7.868125186277864e-08,0.7194772987409386,2941,9.75916104683587,0.25,84,3.373690113700793,0.7320872274143302,1926,6.272948631622129,0.0304800609601219,3937
parserc,parserc,parserc_run_16,24.81,0.5,50838033,716,0.0,0.7169973292636398,2967,9.636544292683611,0.2409638554216867,83,3.611211164306283,0.7323943661971831,1917,6.014174303202143,0.0305888350751975,3923
parserc,parserc,parserc_run_16,24.81,0.75,76257049,717,0.0,0.7150896604349485,2987,9.548007780233313,0.2409638554216867,83,3.7488036364561577,0.7315541601255887,1911,5.868043748369496,0.0306983883346124,3909
parserc,parserc,parserc_run_16,24.81,1.0,101676066,717,0.0,0.7139450591377337,2999,9.495242841797632,0.2409638554216867,83,3.851738047416701,0.7309910854745674,1907,5.769094761288723,0.0307613432453217,3901
parserc,parserc,parserc_run_17,24.81,0.1,8341789,714,0.0,0.7297787104158718,2833,9.867313575493208,0.2758620689655172,87,3.0151070900010377,0.7330960854092526,1967,6.70415310054101,0.0299925018745313,4001
parserc,parserc,parserc_run_17,24.81,0.25,20854473,713,0.0,0.72577260587562,2875,9.736370951094198,0.2674418604651162,86,3.2948444953012785,0.7314432989690721,1940,6.350279203794099,0.0300902708124373,3988
parserc,parserc,parserc_run_17,24.81,0.5,41708946,716,0.0,0.7194772987409386,2941,9.680801189395046,0.2409638554216867,83,3.5326026771242285,0.7323575535807632,1913,6.096613498103447,0.0303643724696356,3952
parserc,parserc,parserc_run_17,24.81,0.75,62563419,718,0.0,0.7171880961465089,2965,9.589539750059254,0.2409638554216867,83,3.6730242780116287,0.7320774463631606,1911,5.959764690183363,0.0305343511450381,3930
parserc,parserc,parserc_run_17,24.81,1.0,83417892,718,0.0,0.7166157954979016,2971,9.531334418223722,0.2409638554216867,83,3.7796372598846744,0.7328444211629125,1909,5.85936803520805,0.0305654610290371,3926
parserc,parserc,parserc_run_18,24.81,0.1,7918494,713,2.5257327971707753e-07,0.7295879435330027,2835,9.954601678877866,0.2588235294117647,85,2.998215912486931,0.731769505354411,1961,6.726081980855476,0.0299475917144996,4007
parserc,parserc,parserc_run_18,24.81,0.25,19796235,715,1.01029311886831e-07,0.7252003052270126,2881,9.796895498259495,0.25,84,3.2882004170643793,0.7323651452282157,1928,6.367803754414224,0.030037546933667,3995
parserc,parserc,parserc_run_18,24.81,0.5,39592470,715,5.05146559434155e-08,0.7227203357497138,2907,9.69283657280573,0.2409638554216867,83,3.5134853077015245,0.7310308738880168,1911,6.11602572349725,0.0300978179082016,3987
parserc,parserc,parserc_run_18,24.81,0.75,59388705,718,3.3676437295610336e-08,0.7190957649752003,2945,9.60150898066212,0.2409638554216867,83,3.6554175807147926,0.7301837270341207,1905,5.981896018123331,0.0303413400758533,3955
parserc,parserc,parserc_run_18,24.81,1.0,79184940,718,2.525732797170775e-08,0.7185234643265929,2951,9.541108094636284,0.2409638554216867,83,3.7586612564867865,0.7299001576458224,1903,5.879144918787684,0.0303720577069096,3951
parserc,parserc,parserc_run_19,24.81,0.1,8673265,708,0.0,0.7314002289202595,2816,9.977403211506422,0.25,84,3.0432405646701493,0.7351129363449692,1948,6.717969585010691,0.0297250433490215,4037
parserc,parserc,parserc_run_19,24.81,0.25,21683162,716,0.0,0.7231018695154521,2903,9.829285007134118,0.2409638554216867,83,3.321017595779333,0.732987012987013,1925,6.348979902449638,0.0301734976112647,3977
parserc,parserc,parserc_run_19,24.81,0.5,43366325,716,0.0,0.7213849675696299,2921,9.703863090304292,0.2317073170731707,82,3.551050785273355,0.7324973876698014,1914,6.092317040913185,0.0302190883908335,3971
parserc,parserc,parserc_run_19,24.81,0.75,65049487,717,0.0,0.7164250286150324,2973,9.609368656782651,0.2317073170731707,82,3.6935764802349023,0.7320398531725223,1907,5.934648447482091,0.0305576776165011,3927
parserc,parserc,parserc_run_19,24.81,1.0,86732650,718,0.0,0.7147081266692102,2991,9.550641377985343,0.2317073170731707,82,3.795138175445841,0.731758530183727,1905,5.827227702805456,0.0306826898491434,3911
parserc,parserc,parserc_run_2,24.81,0.1,8103920,714,2.4679414406854953e-07,0.7278710415871804,2853,9.99198213595852,0.25,84,3.011034747706752,0.7317574511819116,1946,6.723102277381775,0.0299625468164794,4005
parserc,parserc,parserc_run_2,24.81,0.25,20259800,715,0.0,0.722911102632583,2905,9.843908296286704,0.2409638554216867,83,3.292204078701145,0.7295466388744137,1919,6.363588585292318,0.0301431801055011,3981
parserc,parserc,parserc_run_2,24.81,0.5,40519601,718,0.0,0.7185234643265929,2951,9.687544569465391,0.2409638554216867,83,3.524917988405152,0.7291775798847564,1909,6.1178732936948865,0.0304182509505703,3945
parserc,parserc,parserc_run_2,24.81,0.75,60779402,717,0.0,0.7175696299122473,2961,9.596188987167189,0.2409638554216867,83,3.666278319697711,0.7291775798847564,1909,5.964056058780964,0.0304878048780487,3936
parserc,parserc,parserc_run_2,24.81,1.0,81039203,717,0.0,0.7168065623807707,2969,9.536747064054262,0.2409638554216867,83,3.7676088145347166,0.7286089238845145,1905,5.86571052181898,0.0305188199389623,3932
parserc,parserc,parserc_run_20,24.81,0.1,8330475,711,0.0,0.7303510110644792,2827,9.922621304934788,0.2674418604651162,86,3.0061264918583026,0.7310239429444727,1963,6.685108445356005,0.0299028158484924,4013
parserc,parserc,parserc_run_20,24.81,0.25,20826188,713,0.0,0.7253910721098817,2879,9.79927267251739,0.25,84,3.294631078753465,0.73031394750386,1943,6.343267088279623,0.0301280441877981,3983
parserc,parserc,parserc_run_20,24.81,0.5,41652377,715,0.0,0.7208126669210225,2927,9.647980796275334,0.25,84,3.5379125137358916,0.7319371727748691,1910,6.08692101737143,0.0302419354838709,3968
parserc,parserc,parserc_run_20,24.81,0.75,62478565,715,0.0,0.7206219000381534,2929,9.55970582063036,0.25,84,3.677184875084959,0.7316561844863732,1908,5.9433419379135755,0.0302419354838709,3968
parserc,parserc,parserc_run_20,24.81,1.0,83304754,716,0.0,0.7183326974437237,2953,9.50344767859173,0.25,84,3.780812212241079,0.7305263157894737,1900,5.849920411314658,0.0303643724696356,3952
parserc,parserc,parserc_run_3,24.81,0.1,8061452,716,0.0,0.7259633727584891,2873,9.99329046888906,0.25,84,3.0085439865916035,0.7315195071868583,1948,6.726065438587601,0.0301280441877981,3983
parserc,parserc,parserc_run_3,24.81,0.25,20153631,717,0.0,0.721575734452499,2919,9.793351752672145,0.25,84,3.291794780939645,0.7309697601668405,1918,6.37371960481124,0.0302495588605999,3967
parserc,parserc,parserc_run_3,24.81,0.5,40307263,717,0.0,0.7202403662724151,2933,9.688840503914337,0.2409638554216867,83,3.5259328467719797,0.7307490832896805,1909,6.122445841096114,0.0302800908402725,3963
parserc,parserc,parserc_run_3,24.81,0.75,60460895,717,0.0,0.7190957649752003,2945,9.597390573318496,0.2409638554216867,83,3.666655320749324,0.7301837270341207,1905,5.9792234954831,0.0303413400758533,3955
parserc,parserc,parserc_run_3,24.81,1.0,80614527,717,0.0,0.7164250286150324,2973,9.53773948304671,0.2409638554216867,83,3.77088920539451,0.7303844128488678,1899,5.877868588189593,0.0305033045246568,3934
parserc,parserc,parserc_run_4,24.81,0.1,8252015,714,0.0,0.7267264402899657,2865,9.90232804205628,0.2674418604651162,86,3.033750131762997,0.7335051546391752,1940,6.717948507929437,0.0300225168876657,3997
parserc,parserc,parserc_run_4,24.81,0.25,20630038,714,0.0,0.7240557039297978,2893,9.800633176374747,0.25,84,3.3156401533604702,0.731009365244537,1922,6.368691450895618,0.0300827275006267,3989
parserc,parserc,parserc_run_4,24.81,0.5,41260077,718,0.0,0.7183326974437237,2953,9.68356733183558,0.2409638554216867,83,3.533685320369375,0.7298429319371728,1910,6.122542731895779,0.030441400304414,3942
parserc,parserc,parserc_run_4,24.81,0.75,61890115,718,0.0,0.7162342617321633,2975,9.592209311685512,0.2409638554216867,83,3.6729694126775994,0.7292759706190975,1906,5.962382843954325,0.0305732484076433,3925
parserc,parserc,parserc_run_4,24.81,1.0,82520154,718,0.0,0.7156619610835558,2981,9.533566484910176,0.2409638554216867,83,3.7771246290438665,0.729758149316509,1902,5.862107374517086,0.0305888350751975,3923
parserc,parserc,parserc_run_5,24.81,0.1,8068986,708,2.4786261867352356e-07,0.7304463945059138,2826,9.932272534909687,0.2674418604651162,86,3.0156999195998098,0.7302733367715317,1939,6.755606179665947,0.0297471492315319,4034
parserc,parserc,parserc_run_5,24.81,0.25,20172465,715,0.0,0.7236741701640595,2897,9.746554575273686,0.2674418604651162,86,3.294222135583059,0.7283116883116884,1925,6.395865201551153,0.0301507537688442,3980
parserc,parserc,parserc_run_5,24.81,0.5,40344930,715,0.0,0.7221480351011065,2913,9.6895510942063,0.2409638554216867,83,3.5246637992646663,0.7283628779979145,1918,6.139499998857687,0.0301962757926522,3974
parserc,parserc,parserc_run_5,24.81,0.75,60517395,717,0.0,0.718714231209462,2949,9.597531797961404,0.2409638554216867,83,3.6591578497524977,0.7277951933124347,1914,5.9904331475462005,0.030441400304414,3942
parserc,parserc,parserc_run_5,24.81,1.0,80689861,716,0.0,0.7173788630293781,2963,9.537745566409228,0.2409638554216867,83,3.76582496767557,0.7290356394129979,1908,5.882211215404812,0.0304955527318932,3935
parserc,parserc,parserc_run_6,24.81,0.1,10179499,712,0.0,0.7283479587943533,2848,9.938323504523716,0.25,84,3.0806103523656145,0.7310239429444727,1963,6.6283181938769005,0.0300751879699248,3990
parserc,parserc,parserc_run_6,24.81,0.25,25448748,713,0.0,0.7231972529568866,2902,9.777078521915051,0.2409638554216867,83,3.3613924242817417,0.7295336787564767,1930,6.275323887086353,0.0302267002518891,3970
parserc,parserc,parserc_run_6,24.81,0.5,50897496,713,0.0,0.7214803510110644,2920,9.666623864401226,0.2317073170731707,82,3.5825444693993,0.7280793319415448,1916,6.026100418493445,0.0302495588605999,3967
parserc,parserc,parserc_run_6,24.81,0.75,76346244,713,0.0,0.7209080503624571,2926,9.574872432233906,0.2317073170731707,82,3.724845519898172,0.7277951933124347,1914,5.884595000500477,0.0302800908402725,3963
parserc,parserc,parserc_run_6,24.81,1.0,101794992,713,0.0,0.7195726821823731,2940,9.52001554927755,0.2317073170731707,82,3.8336574346965775,0.7277019937040924,1906,5.786497277923241,0.0303260045489006,3957
parserc,parserc,parserc_run_8,24.81,0.1,8326707,713,0.0,0.7290156428843952,2841,9.910335256272765,0.2674418604651162,86,3.0207266021295687,0.7318692543411645,1958,6.712575938204664,0.0299775168623532,4003
parserc,parserc,parserc_run_8,24.81,0.25,20816767,717,0.0,0.7221480351011065,2913,9.838099913219454,0.2409638554216867,83,3.294397630785927,0.7283566614826334,1929,6.37113306981856,0.0302800908402725,3963
parserc,parserc,parserc_run_8,24.81,0.5,41633535,718,0.0,0.7202403662724151,2933,9.681673772664574,0.2409638554216867,83,3.5224725786889626,0.7279833246482543,1919,6.10819019519642,0.0303566911206678,3953
parserc,parserc,parserc_run_8,24.81,0.75,62450303,719,0.0,0.7177603967951164,2959,9.590250272987374,0.2409638554216867,83,3.667240590870728,0.7283691662296802,1907,5.963501805943455,0.0304645849200304,3939
parserc,parserc,parserc_run_8,24.81,1.0,83267071,719,0.0,0.7169973292636398,2967,9.531895258236606,0.2409638554216867,83,3.7669339789684777,0.7280839895013124,1905,5.866246399574425,0.030511060259344,3933
parserc,parserc,parserc_run_9,24.81,0.1,8628774,716,0.0,0.7271079740557039,2861,9.93414900507404,0.2588235294117647,85,3.057784898908956,0.7377800407331976,1964,6.704620325391669,0.0301659125188536,3978
parserc,parserc,parserc_run_9,24.81,0.25,21571935,716,0.0,0.7221480351011065,2913,9.775639255870216,0.25,84,3.318819596808823,0.7339927121290994,1921,6.3554901916561075,0.0302267002518891,3970
parserc,parserc,parserc_run_9,24.81,0.5,43143870,714,0.0,0.7181419305608546,2955,9.705099322332554,0.2317073170731707,82,3.5399585142294736,0.7323205866946045,1909,6.081212709878925,0.0304259634888438,3944
parserc,parserc,parserc_run_9,24.81,0.75,64715805,715,0.0,0.7160434948492942,2977,9.610611751514345,0.2317073170731707,82,3.684911063130263,0.7325275880189175,1903,5.944569830707437,0.0305498981670061,3928
parserc,parserc,parserc_run_9,24.81,1.0,86287740,714,0.0,0.7148988935520794,2989,9.55155529610019,0.2317073170731707,82,3.789553536189885,0.7322461862177801,1901,5.834112717593067,0.0306122448979591,3920
parserd,parserd,parserd_run_4,38.64,0.1,8202592,1182,1.2191268321038033e-06,0.7557679258086406,4319,9.8375514641486,0.6153846153846154,39,3.753173043807952,0.8468149646107179,1978,13.707287706747016,0.0241562644475265,8652
parserd,parserd,parserd_run_4,38.64,0.25,20506481,1215,9.753014181223977e-08,0.7303777425921737,4768,10.195396929944216,0.5833333333333334,36,4.157671884263344,0.8417721518987342,1738,13.482245674961856,0.024026512013256,8449
parserd,parserd,parserd_run_4,38.64,0.5,41012963,1217,4.876506971710384e-08,0.7262497172585388,4841,10.359743830858791,0.5714285714285714,35,4.429675475660619,0.8383480825958702,1695,13.194935167890684,0.0238660650676798,8422
parserd,parserd,parserd_run_4,38.64,0.75,61519445,1219,3.2510046213843446e-08,0.7235353992309432,4889,10.384465522112878,0.5714285714285714,35,4.594945746145509,0.8382877526753865,1682,13.076153016901436,0.0238464289972576,8387
parserd,parserd,parserd_run_4,38.64,1.0,82025927,1219,0.0,0.7235353992309432,4889,10.407911617544276,0.5714285714285714,35,4.708194639638714,0.8382877526753865,1682,12.974877247209896,0.0238464289972576,8387
parserd,parserd,parserd_run_8,38.64,0.1,7512492,1156,7.986697356882377e-07,0.7614793033250395,4218,9.649558872014511,0.6341463414634146,41,3.689885087345612,0.8441235059760956,2008,13.771122718650805,0.0240064323455088,8706
parserd,parserd,parserd_run_8,38.64,0.25,18781230,1215,1.0648929809176505e-07,0.7270979416421625,4826,10.304014217496244,0.5714285714285714,35,4.158860137890471,0.8421665695981363,1717,13.494055018261426,0.0244859146558896,8413
parserd,parserd,parserd_run_8,38.64,0.5,37562460,1221,0.0,0.7221216919249038,4914,10.46866713235399,0.5588235294117647,34,4.421331160033315,0.84,1675,13.26542264087523,0.024378585086042,8368
parserd,parserd,parserd_run_8,38.64,0.75,56343690,1222,0.0,0.7204252431576567,4944,10.48940073133969,0.5588235294117647,34,4.576736053467705,0.8388454600120264,1663,13.11192519100914,0.0244311377245508,8350
parserd,parserd,parserd_run_8,38.64,1.0,75124920,1222,0.0,0.7203121465731734,4946,10.50411257615744,0.5588235294117647,34,4.688652417753558,0.8388454600120264,1663,13.009109078694754,0.024436990896023,8348
parsere,parsere,parsere_run_4,53.75,0.1,6917628,1617,4.914979527664685e-06,0.8044146304901814,5219,16.809119851084542,0.3305785123966942,121,4.367122728232007,0.6815487949427104,2531,23.08274318284588,0.0136416342677852,14661
parsere,parsere,parsere_run_4,53.75,0.25,17294072,1720,1.6190518924634984e-06,0.7664143306850547,6233,13.795939505967937,0.4148936170212766,94,4.601160727697093,0.6776422764227642,2460,22.439280931276,0.0143738656987295,13775
parsere,parsere,parsere_run_4,53.75,0.5,34588144,1720,5.782328187369637e-07,0.7664143306850547,6233,13.809847717932255,0.4148936170212766,94,4.794958410530105,0.6776422764227642,2460,22.163603819689413,0.0143738656987295,13775
parsere,parsere,parsere_run_4,53.75,0.75,51882216,1720,2.1201870020355338e-07,0.7664143306850547,6233,13.81736363941323,0.4148936170212766,94,4.91571511274661,0.6776422764227642,2460,22.00240758275496,0.0143738656987295,13775
parsere,parsere,parsere_run_4,53.75,1.0,69176288,1720,1.5901402515266504e-07,0.7664143306850547,6233,13.822798337220364,0.4148936170212766,94,5.003549077391647,0.6776422764227642,2460,21.889882821909765,0.0143738656987295,13775
parsere,parsere,parsere_run_8,53.75,0.1,7263583,1603,3.992519945046405e-06,0.8028031779343426,5262,14.570724488577229,0.3603603603603603,111,4.3200033168815795,0.6799375487900078,2562,22.915047207816,0.0139840965176857,14588
parsere,parsere,parsere_run_8,53.75,0.25,18158959,1698,1.652077082171946e-06,0.7682506370858941,6184,14.476693297422996,0.3644859813084112,107,4.602711363263381,0.6788321167883211,2466,22.29712166684952,0.014786894752102,13796
parsere,parsere,parsere_run_8,53.75,0.5,36317919,1698,3.028807900584833e-07,0.7682506370858941,6184,14.45206708907303,0.3644859813084112,107,4.79455398251353,0.6788321167883211,2466,22.02098690287525,0.014786894752102,13796
parsere,parsere,parsere_run_8,53.75,0.75,54476879,1698,2.0192052485238738e-07,0.7682506370858941,6184,14.437191821675782,0.3644859813084112,107,4.915820209794264,0.6788321167883211,2466,21.859352960876393,0.014786894752102,13796
parsere,parsere,parsere_run_8,53.75,1.0,72635839,1698,2.7534616898966362e-08,0.7682506370858941,6184,14.426647900252853,0.3644859813084112,107,4.998506076982906,0.6788321167883211,2466,21.748764758128058,0.014786894752102,13796
parserf,parserf,parserf_run_4,75.93,0.1,9832676,603,2.237437702615239e-06,0.7154088050314465,2715,18.11089287631964,0.1923076923076923,442,3.925843834871253,0.6862068965517242,580,30.07070339359753,0.0,3475
parserf,parserf,parserf_run_4,75.93,0.25,24581691,652,2.440841030830629e-07,0.679874213836478,3054,18.358151562156685,0.1714975845410628,414,4.540713194090292,0.6911764705882353,476,30.163373479808737,0.0,3313
parserf,parserf,parserf_run_4,75.93,0.5,49163382,652,4.0680683847177155e-08,0.679874213836478,3054,18.16083463899075,0.1714975845410628,414,4.758347565570581,0.6911764705882353,476,29.869068403082988,0.0,3313
parserf,parserf,parserf_run_4,75.93,0.75,73745073,652,0.0,0.679874213836478,3054,18.047189441233925,0.1714975845410628,414,4.887651438153896,0.6911764705882353,476,29.698101450497543,0.0,3313
parserf,parserf,parserf_run_4,75.93,1.0,98326765,652,0.0,0.679874213836478,3054,17.967871880827033,0.1714975845410628,414,4.976717593357491,0.6911764705882353,476,29.576157960830507,0.0,3313
parserf,parserf,parserf_run_8,75.93,0.1,9814327,597,9.170267100331994e-07,0.7161425576519916,2708,18.549253974008863,0.189010989010989,455,3.909673981799736,0.6977928692699491,589,30.23889633713958,0.0,3451
parserf,parserf,parserf_run_8,75.93,0.25,24535817,649,3.6681069148828427e-07,0.6809224318658281,3044,19.38391923336559,0.1809045226130653,398,4.280705604814664,0.687007874015748,508,30.09535348920356,0.0,3301
parserf,parserf,parserf_run_8,75.93,0.5,49071635,649,0.0,0.6809224318658281,3044,19.192288222911166,0.1809045226130653,398,4.487441510127622,0.687007874015748,508,29.80042030068627,0.0,3301
parserf,parserf,parserf_run_8,75.93,0.75,73607452,649,0.0,0.6809224318658281,3044,19.08139283521499,0.1809045226130653,398,4.620644327414724,0.687007874015748,508,29.62893242459507,0.0,3301
parserf,parserf,parserf_run_8,75.93,1.0,98143270,649,0.0,0.6809224318658281,3044,19.00108238563191,0.1809045226130653,398,4.7108168529633465,0.687007874015748,508,29.506436310819023,0.0,3301
